{"cameraMode":{"drawMode":0,"name":"Shaded","section":"Shading Mode"},"sceneLighting":false,"audioPlay":false,"sceneViewState":{"showFog":true,"showMaterialUpdate":false,"showSkybox":true,"showFlares":true,"showImageEffects":true,"showParticleSystems":true},"in2DMode":false,"pivot":{"x":8.257073402404786,"y":2.060527801513672,"z":-21.272178649902345},"rotation":{"x":-0.2788710594177246,"y":0.1297171711921692,"z":-0.03804760426282883,"w":-0.9507664442062378},"size":21.143232345581056,"orthographic":false}